sender_canonical,avg_words
Arseniy,2.453595912559824
Asanali,2.82645427248206
Dias,2.235332151922985
Maxat,2.672134639965914
